introandgym:20-Title&Gym.ogg
newbark:1-New_Bark.ogg
cherrygrove:2-Cherrygrove_Town.ogg
violet:3-Violet_Town.ogg
azalea:4-Azalea_Town.ogg
goldenrod:5-GoldenrodCity.ogg
ecruteak:6-Ecruteak_Town.ogg
darkcave:7-Dark_Cave.ogg
sprouttower:8-Sprout_Tower.ogg
ruinsofalph:9-Ruins_of_Alph.ogg
nationalpark:10-National_Park.ogg
burnedtower:11-Burned_Tower.ogg
tintower:12-Tin_Tower.ogg
lighthouse:13-Lighthouse.ogg
dragonsden:14-Dragon_Den.ogg
pokecenter:15-PokeCenter.ogg
pvnpc:18-GSBattle_PvNPC.ogg
pvgymleader:19-PvGymLeader.ogg
route:21-Route.ogg
pallet:22-Pallet_Town.ogg
pewter:23-Pewter_City.ogg
vermillion:24-Vermillion_City.ogg
lavender:25-Lavendar_Town.ogg
canalave:28-Canalave_City.ogg
jubilife:29-Jubilife_City.ogg
twinleaf:30-Twinleaf_Town.ogg
floaroma:31-Floaroma_City.ogg
eternaforest:32-Eterna_Forest.ogg
eternacity:33-Eterna_city.ogg
oreburgh:34-Oreburgh_City.ogg
mtcoronet:35-Mt._Coronet.ogg
hearthome:36-Hearthome_City.ogg
solaceon:37-Solaceon_Town.ogg
veilstone:38-Veilstone_City.ogg
pastoria:39-Great_Marsh.ogg
sunnyshore:40-Sunyshore.ogg
snowpoint:41-Snowpoint.ogg
underground:42-Underground.ogg
littleroot:43-Littleroute_Town.ogg
odale:44-Odale_Town.ogg
petallburghc:45-Petallburgh_City.ogg
petallburghf:46-Petalburg_Forest.ogg
rustboro:47-Rustboro_City.ogg
dewford:48-Dewford_Town.ogg
slateport:49-Slateport_City.ogg
verdanturf:50-Verdanturf_Town.ogg
fallarbor:51-Fallarbor_Town.ogg
fortree:52-Fortree_City.ogg
lilycove:53-Lilycove_City.ogg
skypillar:54-Sky_Pillar.ogg
boat:55-Boat.ogg
indigoplateau:56-Indigo_Plateau.ogg
elmlab:57-Elm_Lab.ogg
meteorfalls:58-Meteor_Falls.ogg
oaklab:59-Oak_Lab.ogg
silph:60-Silph_Co.ogg
viridian:61-Viridian_City.ogg
celadon:62-Celadon_City.ogg
cinnabar:63-Cinnabar_Island.ogg
cerulean:64-Cerulean_City.ogg
viridianforest:65-Viridian_Forest.ogg
cianwood:66-Cianwood_City.ogg
dancetheater:67-Dance_Theater.ogg
unioncave:68-Union_Cave.ogg
rocktunnel:69-Rock_Tunnel.ogg
safari:70-Safari_Zone.ogg
icepath:71-Ice_Path.ogg
celadongame:72-Celadon_Game.ogg
goldenrodgame:73-Goldenrod_Game.ogg
mtsilver:74-Mt_Silver.ogg
abandonedplace:75-Abandoned_Place.ogg
lakerage:76-Lake_Rage.ogg
outskirt:77-Outskirt_Stand.ogg
kaminkoyard:78-Kaminko_Yard.ogg
kaminkolab:79-Kaminko_Lab.ogg
phenac:80-Phenac_City.ogg
mayor:81-Mayor_House.ogg
pregym:82-Pre_Gym.ogg
cipher:83-Cipher_Theme.ogg
gateon:84-Gateon_Port.ogg
krubby:85-Krubby_Klub.ogg
pyrite:86-Pyrite_Town.ogg
pyritecave:87-Pyrite_Cave.ogg
hqlab:88-HQ_Lab.ogg
agate:89-Agate_Village.ogg
relic:90-Relic_Forest.ogg
reception:91-Reception.ogg
mtbattle:92-Mt_Battle.ogg
theunder:93-The_Under.ogg
shadowlab:94-Shadow_Lab.ogg
realgam:95-Realgam_Tower.ogg
snagem:96-Snagem_Hideout.ogg
onbs:97-ONBS_Building.ogg
finalbattle:98-Final_Battle.ogg
sslibra:99-SS_Libra.ogg
cipherkey:100-Cipher_Key.ogg
orredesert:101-Orre_Desert.ogg
colosseuma:102-Colosseum_A.ogg
colosseumb:103-Colosseum_B.ogg
colosseumc:104-Colosseum_C.ogg
hoennvictory:105-Hoenn_Victory.ogg
battlefront:106-Battle_Frontier.ogg
trickhouse:107-Trick_House
ancientcave:108-Ancient_Cave.ogg
contestlobby:109-Contest_Lobby.ogg
evergrande:110-Evergrande_City.ogg
sootopolis:111-Sootopolis_City.ogg
teamhideout:112-Team_Hideout.ogg
mtpyre:113-Mt_Pyre.ogg
shop:114-Shop.ogg
artmuseum:115-Art_Museum.ogg
hoennsafari:116-Hoenn_Safari.ogg
mtchimney:117-Mt_Chimney.ogg
mauvillegame:118-Mauville_Game.ogg
marinemuseum:119-Marine_Museum.ogg
weatherinstitute:120-Weather_Institute.ogg
birchlab:121-Birch_Lab.ogg
shoalcave:122-Shoal_Cave.ogg
redtheme:123-Red_Theme.ogg


